{
    "name": "root",
    "metadata": {
        "timer_format_version": "0.1.0",
        "start_time_seconds": "1748746362",
        "python_version": "3.10.12 (main, Jul  5 2023, 18:54:27) [GCC 11.2.0]",
        "command_line_arguments": "/ShadDrive/Miniconda/envs/mlagents/bin/mlagents-learn config/Racer.yaml --force --run-id racer_01",
        "mlagents_version": "1.1.0",
        "mlagents_envs_version": "1.1.0",
        "communication_protocol_version": "1.5.0",
        "pytorch_version": "2.6.0+cu124",
        "numpy_version": "1.23.5",
        "end_time_seconds": "1748746432"
    },
    "total": 70.48778322999897,
    "count": 1,
    "self": 0.003871425999022904,
    "children": {
        "run_training.setup": {
            "total": 0.014924723000149243,
            "count": 1,
            "self": 0.014924723000149243
        },
        "TrainerController.start_learning": {
            "total": 70.4689870809998,
            "count": 1,
            "self": 1.106408871948588,
            "children": {
                "TrainerController._reset_env": {
                    "total": 5.375821323999844,
                    "count": 1,
                    "self": 5.375821323999844
                },
                "TrainerController.advance": {
                    "total": 63.772038905053705,
                    "count": 5504,
                    "self": 0.04225834792487149,
                    "children": {
                        "env_step": {
                            "total": 63.729780557128834,
                            "count": 5504,
                            "self": 57.07728350519392,
                            "children": {
                                "SubprocessEnvManager._take_step": {
                                    "total": 6.605389638960332,
                                    "count": 5504,
                                    "self": 0.2213695290738542,
                                    "children": {
                                        "TorchPolicy.evaluate": {
                                            "total": 6.384020109886478,
                                            "count": 5504,
                                            "self": 6.384020109886478
                                        }
                                    }
                                },
                                "workers": {
                                    "total": 0.047107412974582985,
                                    "count": 5504,
                                    "self": 0.0,
                                    "children": {
                                        "worker_root": {
                                            "total": 44.72920598202472,
                                            "count": 5504,
                                            "is_parallel": true,
                                            "self": 20.726517212038743,
                                            "children": {
                                                "run_training.setup": {
                                                    "total": 0.0,
                                                    "count": 0,
                                                    "is_parallel": true,
                                                    "self": 0.0,
                                                    "children": {
                                                        "steps_from_proto": {
                                                            "total": 0.0005588590011029737,
                                                            "count": 1,
                                                            "is_parallel": true,
                                                            "self": 0.00013955400208942592,
                                                            "children": {
                                                                "_process_rank_one_or_two_observation": {
                                                                    "total": 0.0004193049990135478,
                                                                    "count": 4,
                                                                    "is_parallel": true,
                                                                    "self": 0.0004193049990135478
                                                                }
                                                            }
                                                        },
                                                        "UnityEnvironment.step": {
                                                            "total": 0.020343161000710097,
                                                            "count": 1,
                                                            "is_parallel": true,
                                                            "self": 7.315800030482933e-05,
                                                            "children": {
                                                                "UnityEnvironment._generate_step_input": {
                                                                    "total": 8.790699939709157e-05,
                                                                    "count": 1,
                                                                    "is_parallel": true,
                                                                    "self": 8.790699939709157e-05
                                                                },
                                                                "communicator.exchange": {
                                                                    "total": 0.01998155600085738,
                                                                    "count": 1,
                                                                    "is_parallel": true,
                                                                    "self": 0.01998155600085738
                                                                },
                                                                "steps_from_proto": {
                                                                    "total": 0.0002005400001507951,
                                                                    "count": 1,
                                                                    "is_parallel": true,
                                                                    "self": 7.075299981806893e-05,
                                                                    "children": {
                                                                        "_process_rank_one_or_two_observation": {
                                                                            "total": 0.00012978700033272617,
                                                                            "count": 4,
                                                                            "is_parallel": true,
                                                                            "self": 0.00012978700033272617
                                                                        }
                                                                    }
                                                                }
                                                            }
                                                        }
                                                    }
                                                },
                                                "UnityEnvironment.step": {
                                                    "total": 24.00268876998598,
                                                    "count": 5503,
                                                    "is_parallel": true,
                                                    "self": 0.31770953498926247,