{
    "name": "root",
    "gauges": {
        "Car.Policy.Entropy.mean": {
            "value": 1.2949196100234985,
            "min": 1.2949196100234985,
            "max": 1.2949196100234985,
            "count": 1
        },
        "Car.Policy.Entropy.sum": {
            "value": 7185.5087890625,
            "min": 7185.5087890625,
            "max": 7185.5087890625,
            "count": 1
        },
        "Car.Step.mean": {
            "value": 4992.0,
            "min": 4992.0,
            "max": 4992.0,
            "count": 1
        },
        "Car.Step.sum": {
            "value": 4992.0,
            "min": 4992.0,
            "max": 4992.0,
            "count": 1
        },
        "Car.Policy.ExtrinsicValue.mean": {
            "value": 6.267055988311768,
            "min": 6.267055988311768,
            "max": 6.267055988311768,
            "count": 1
        },
        "Car.Policy.ExtrinsicValue.sum": {
            "value": 244.41519165039062,
            "min": 244.41519165039062,
            "max": 244.41519165039062,
            "count": 1
        },
        "Car.Losses.PolicyLoss.mean": {
            "value": -5.705515353567504,
            "min": -5.705515353567504,
            "max": -5.705515353567504,
            "count": 1
        },
        "Car.Losses.PolicyLoss.sum": {
            "value": -16061.025720292524,
            "min": -16061.025720292524,
            "max": -16061.025720292524,
            "count": 1
        },
        "Car.Losses.ValueLoss.mean": {
            "value": 0.02825446707108044,
            "min": 0.02825446707108044,
            "max": 0.02825446707108044,
            "count": 1
        },
        "Car.Losses.ValueLoss.sum": {
            "value": 79.53632480509144,
            "min": 79.53632480509144,
            "max": 79.53632480509144,
            "count": 1
        },
        "Car.Losses.Q1Loss.mean": {
            "value": 0.020196548456472303,
            "min": 0.020196548456472303,
            "max": 0.020196548456472303,
            "count": 1
        },
        "Car.Losses.Q1Loss.sum": {
            "value": 56.85328390496953,
            "min": 56.85328390496953,
            "max": 56.85328390496953,
            "count": 1
        },
        "Car.Losses.Q2Loss.mean": {
            "value": 0.020362050528567176,
            "min": 0.020362050528567176,
            "max": 0.020362050528567176,
            "count": 1
        },
        "Car.Losses.Q2Loss.sum": {
            "value": 57.3191722379166,
            "min": 57.3191722379166,
            "max": 57.3191722379166,
            "count": 1
        },
        "Car.Policy.ContinuousEntropyCoeff.mean": {
            "value": 0.7933734497669139,
            "min": 0.7933734497669139,
            "max": 0.7933734497669139,
            "count": 1
        },
        "Car.Policy.ContinuousEntropyCoeff.sum": {
            "value": 2233.3462610938627,
            "min": 2233.3462610938627,
            "max": 2233.3462610938627,
            "count": 1
        },
        "Car.Policy.LearningRate.mean": {
            "value": 0.0002999999999999999,
            "min": 0.0002999999999999999,
            "max": 0.0002999999999999999,
            "count": 1
        },
        "Car.Policy.LearningRate.sum": {
            "value": 0.8444999999999998,
            "min": 0.8444999999999998,
            "max": 0.8444999999999998,
            "count": 1
        },
        "Car.IsTraining.mean": {
            "value": 1.0,
            "min": 1.0,
            "max": 1.0,
            "count": 1
        },
        "Car.IsTraining.sum": {
            "value": 1.0,
            "min": 1.0,
            "max": 1.0,
            "count": 1
        }
    },
    "metadata": {
        "timer_format_version": "0.1.0",
        "start_time_seconds": "1748739626",
        "python_version": "3.10.12 (main, Jul  5 2023, 18:54:27) [GCC 11.2.0]",
        "command_line_arguments": "/ShadDrive/Miniconda/envs/mlagents/bin/mlagents-learn config/Racer.yaml --force --run-id racer_01",
        "mlagents_version": "1.1.0",
        "mlagents_envs_version": "1.1.0",
        "communication_protocol_version": "1.5.0",
        "pytorch_version": "2.6.0+cu124",
        "numpy_version": "1.23.5",
        "end_time_seconds": "1748739839"
    },
    "total": 213.2396520279999,
    "count": 1,
    "self": 0.004198098999950162,
    "children": {
        "run_training.setup": {
            "total": 0.01375865199997861,
            "count": 1,
            "self": 0.01375865199997861
        },
        "TrainerController.start_learning": {
            "total": 213.22169527699998,
            "count": 1,
            "self": 1.14960041800191,
            "children": {
                "TrainerController._reset_env": {
                    "total": 6.852395301999877,
                    "count": 1,
                    "self": 6.852395301999877
                },
                "TrainerController.advance": {
                    "total": 205.05294603599805,
                    "count": 8064,
                    "self": 0.0632120670045424,
                    "children": {
                        "env_step": {
                            "total": 204.9897339689935,
                            "count": 8064,
                            "self": 195.14395651899713,
                            "children": {
                                "SubprocessEnvManager._take_step": {
                                    "total": 9.775231502988618,
                                    "count": 8064,
                                    "self": 0.33160221898924647,
                                    "children": {
                                        "TorchPolicy.evaluate": {
                                            "total": 9.443629283999371,
                                            "count": 8064,
                                            "self": 9.443629283999371
                                        }
                                    }
                                },
                                "workers": {
                                    "total": 0.07054594700775851,
                                    "count": 8064,
                                    "self": 0.0,
                                    "children": {
                                        "worker_root": {
                                            "total": 166.54804087100297,
                                            "count": 8064,
                                            "is_parallel": true,
                                            "self": 114.8554565259958,
                                            "children": {
                                                "run_training.setup": {
                                                    "total": 0.0,
                                                    "count": 0,
                                                    "is_parallel": true,
                                                    "self": 0.0,
                                                    "children": {
                                                        "steps_from_proto": {
                                                            "total": 0.0005424379999112716,
                                                            "count": 1,
                                                            "is_parallel": true,
                                                            "self": 0.00013897299959353404,
                                                            "children": {
                                                                "_process_rank_one_or_two_observation": {
                                                                    "total": 0.0004034650003177376,
                                                                    "count": 4,
                                                                    "is_parallel": true,