{
    "name": "root",
    "gauges": {
        "Car.Policy.Entropy.mean": {
            "value": 0.5604698061943054,
            "min": 0.28017449378967285,
            "max": 1.3850208520889282,
            "count": 17
        },
        "Car.Policy.Entropy.sum": {
            "value": 4429.953125,
            "min": 1147.5947265625,
            "max": 11346.0908203125,
            "count": 17
        },
        "Car.Step.mean": {
            "value": 84992.0,
            "min": 4992.0,
            "max": 84992.0,
            "count": 17
        },
        "Car.Step.sum": {
            "value": 84992.0,
            "min": 4992.0,
            "max": 84992.0,
            "count": 17
        },
        "Car.Policy.ExtrinsicValue.mean": {
            "value": -6515.0537109375,
            "min": -6515.0537109375,
            "max": 5.64548921585083,
            "count": 17
        },
        "Car.Policy.ExtrinsicValue.sum": {
            "value": -260602.15625,
            "min": -260602.15625,
            "max": 220.17408752441406,
            "count": 17
        },
        "Car.Losses.PolicyLoss.mean": {
            "value": 6623.872849650246,
            "min": -10.8075270728297,
            "max": 6623.872849650246,
            "count": 17
        },
        "Car.Losses.PolicyLoss.sum": {
            "value": 33914228.99020926,
            "min": -55334.538612888064,
            "max": 33914228.99020926,
            "count": 17
        },
        "Car.Losses.ValueLoss.mean": {
            "value": 1666.6697979609573,
            "min": 0.12804349184633856,
            "max": 1666.6697979609573,
            "count": 17
        },
        "Car.Losses.ValueLoss.sum": {
            "value": 8533349.365560101,
            "min": 140.20762357174073,
            "max": 8533349.365560101,
            "count": 17
        },
        "Car.Losses.Q1Loss.mean": {
            "value": 9272.000346146893,
            "min": 2.387754765268354,
            "max": 9272.000346146893,
            "count": 17
        },
        "Car.Losses.Q1Loss.sum": {
            "value": 47472641.772272095,
            "min": 2614.5914679688476,
            "max": 47472641.772272095,
            "count": 17
        },
        "Car.Losses.Q2Loss.mean": {
            "value": 9246.917265506996,
            "min": 2.387930448155569,
            "max": 9246.917265506996,
            "count": 17
        },
        "Car.Losses.Q2Loss.sum": {
            "value": 47344216.39939582,
            "min": 2614.783840730348,
            "max": 47344216.39939582,
            "count": 17
        },
        "Car.Policy.ContinuousEntropyCoeff.mean": {
            "value": 1.4848348721038005,
            "min": 0.14969903084510355,
            "max": 1.4848348721038005,
            "count": 17
        },
        "Car.Policy.ContinuousEntropyCoeff.sum": {
            "value": 7602.354545171459,
            "min": 766.4590379269301,
            "max": 7602.354545171459,
            "count": 17
        },
        "Car.Policy.LearningRate.mean": {
            "value": 0.0002999999999999999,
            "min": 0.0002999999999999999,
            "max": 0.0003,
            "count": 17
        },
        "Car.Policy.LearningRate.sum": {
            "value": 1.5359999999999996,
            "min": 0.32849999999999996,
            "max": 1.5359999999999996,
            "count": 17
        },
        "Car.IsTraining.mean": {
            "value": 1.0,
            "min": 1.0,
            "max": 1.0,
            "count": 17
        },
        "Car.IsTraining.sum": {
            "value": 1.0,
            "min": 1.0,
            "max": 1.0,
            "count": 17
        }
    },
    "metadata": {
        "timer_format_version": "0.1.0",
        "start_time_seconds": "1748749731",
        "python_version": "3.10.12 (main, Jul  5 2023, 18:54:27) [GCC 11.2.0]",
        "command_line_arguments": "/ShadDrive/Miniconda/envs/mlagents/bin/mlagents-learn config/Racer.yaml --force --run-id racer_01",
        "mlagents_version": "1.1.0",
        "mlagents_envs_version": "1.1.0",
        "communication_protocol_version": "1.5.0",
        "pytorch_version": "2.6.0+cu124",
        "numpy_version": "1.23.5",
        "end_time_seconds": "1748753031"
    },
    "total": 3300.152827666001,
    "count": 1,
    "self": 0.003806675000305404,
    "children": {
        "run_training.setup": {
            "total": 0.015576896999846213,
            "count": 1,
            "self": 0.015576896999846213
        },
        "TrainerController.start_learning": {
            "total": 3300.133444094001,
            "count": 1,
            "self": 1.0587529449585418,
            "children": {
                "TrainerController._reset_env": {
                    "total": 8.759593950000635,
                    "count": 1,
                    "self": 8.759593950000635
                },
                "TrainerController.advance": {
                    "total": 3290.195988726042,
                    "count": 2816,
                    "self": 0.026113382051335066,
                    "children": {
                        "env_step": {
                            "total": 3290.1698753439905,
                            "count": 2816,
                            "self": 3284.248524549954,
                            "children": {
                                "SubprocessEnvManager._take_step": {
                                    "total": 5.891481348988236,
                                    "count": 2816,
                                    "self": 0.17794557795241417,
                                    "children": {
                                        "TorchPolicy.evaluate": {
                                            "total": 5.713535771035822,
                                            "count": 2816,
                                            "self": 5.713535771035822
                                        }
                                    }
                                },
                                "workers": {
                                    "total": 0.029869445048461785,
                                    "count": 2816,
                                    "self": 0.0,
                                    "children": {
                                        "worker_root": {
                                            "total": 3128.4267414299757,
                                            "count": 2816,
                                            "is_parallel": true,
                                            "self": 2899.9682565049807,
                                            "children": {
                                                "run_training.setup": {
                                                    "total": 0.0,
                                                    "count": 0,
                                                    "is_parallel": true,
                                                    "self": 0.0,
                                                    "children": {
                                                        "steps_from_proto": {
                                                            "total": 0.0010950150008284254,
                                                            "count": 1,
                                                            "is_parallel": true,
                                                            "self": 0.00023821100148779806,
                                                            "children": {
                                                                "_process_rank_one_or_two_observation": {
                                                                    "total": 0.0008568039993406273,
                                                                    "count": 4,
                                                                    "is_parallel": true,