{
    "name": "root",
    "gauges": {
        "Car.Policy.Entropy.mean": {
            "value": 0.5795613527297974,
            "min": 0.4586327075958252,
            "max": 1.3506749868392944,
            "count": 10
        },
        "Car.Policy.Entropy.sum": {
            "value": 2373.88330078125,
            "min": 2170.97021484375,
            "max": 11064.7294921875,
            "count": 10
        },
        "Car.Step.mean": {
            "value": 49920.0,
            "min": 4992.0,
            "max": 49920.0,
            "count": 10
        },
        "Car.Step.sum": {
            "value": 49920.0,
            "min": 4992.0,
            "max": 49920.0,
            "count": 10
        },
        "Car.Policy.ExtrinsicValue.mean": {
            "value": -955.8366088867188,
            "min": -1027.641357421875,
            "max": 28.598613739013672,
            "count": 10
        },
        "Car.Policy.ExtrinsicValue.sum": {
            "value": -37277.62890625,
            "min": -40078.01171875,
            "max": 1115.345947265625,
            "count": 10
        },
        "Car.Losses.PolicyLoss.mean": {
            "value": 1073.9922732060472,
            "min": -67.22368018933096,
            "max": 1073.9922732060472,
            "count": 10
        },
        "Car.Losses.PolicyLoss.sum": {
            "value": 5498840.438814962,
            "min": -344185.2425693745,
            "max": 5498840.438814962,
            "count": 10
        },
        "Car.Losses.ValueLoss.mean": {
            "value": 343.2159975082618,
            "min": 0.13248470097392742,
            "max": 343.2159975082618,
            "count": 10
        },
        "Car.Losses.ValueLoss.sum": {
            "value": 1757265.9072423005,
            "min": 339.02834979228027,
            "max": 1757265.9072423005,
            "count": 10
        },
        "Car.Losses.Q1Loss.mean": {
            "value": 2328.4503237772233,
            "min": 1.8437561050383926,
            "max": 2328.4503237772233,
            "count": 10
        },
        "Car.Losses.Q1Loss.sum": {
            "value": 11921665.657739382,
            "min": 4718.171872793247,
            "max": 11921665.657739382,
            "count": 10
        },
        "Car.Losses.Q2Loss.mean": {
            "value": 2312.0623532856816,
            "min": 1.847929816166989,
            "max": 2312.0623532856816,
            "count": 10
        },
        "Car.Losses.Q2Loss.sum": {
            "value": 11837759.24882269,
            "min": 4728.852399571325,
            "max": 11837759.24882269,
            "count": 10
        },
        "Car.Policy.ContinuousEntropyCoeff.mean": {
            "value": 1.6966000716782426,
            "min": 0.16632470866056162,
            "max": 1.6966000716782426,
            "count": 10
        },
        "Car.Policy.ContinuousEntropyCoeff.sum": {
            "value": 8686.592366992601,
            "min": 851.5825083420755,
            "max": 8686.592366992601,
            "count": 10
        },
        "Car.Policy.LearningRate.mean": {
            "value": 0.0002999999999999999,
            "min": 0.0002999999999999999,
            "max": 0.0002999999999999999,
            "count": 10
        },
        "Car.Policy.LearningRate.sum": {
            "value": 1.5359999999999996,
            "min": 0.7676999999999998,
            "max": 1.5359999999999996,
            "count": 10
        },
        "Car.IsTraining.mean": {
            "value": 1.0,
            "min": 1.0,
            "max": 1.0,
            "count": 10
        },
        "Car.IsTraining.sum": {
            "value": 1.0,
            "min": 1.0,
            "max": 1.0,
            "count": 10
        }
    },
    "metadata": {
        "timer_format_version": "0.1.0",
        "start_time_seconds": "1748747670",
        "python_version": "3.10.12 (main, Jul  5 2023, 18:54:27) [GCC 11.2.0]",
        "command_line_arguments": "/ShadDrive/Miniconda/envs/mlagents/bin/mlagents-learn config/Racer.yaml --force --run-id racer_01",
        "mlagents_version": "1.1.0",
        "mlagents_envs_version": "1.1.0",
        "communication_protocol_version": "1.5.0",
        "pytorch_version": "2.6.0+cu124",
        "numpy_version": "1.23.5",
        "end_time_seconds": "1748749591"
    },
    "total": 1920.560700205,
    "count": 1,
    "self": 0.003695702998811612,
    "children": {
        "run_training.setup": {
            "total": 0.014936490000764024,
            "count": 1,
            "self": 0.014936490000764024
        },
        "TrainerController.start_learning": {
            "total": 1920.5420680120005,
            "count": 1,
            "self": 1.0383881400175596,
            "children": {
                "TrainerController._reset_env": {
                    "total": 7.484563796999282,
                    "count": 1,
                    "self": 7.484563796999282
                },
                "TrainerController.advance": {
                    "total": 1911.9182292919813,
                    "count": 1792,
                    "self": 0.017458421940318658,
                    "children": {
                        "env_step": {
                            "total": 1911.900770870041,
                            "count": 1792,
                            "self": 1908.275046113995,
                            "children": {
                                "SubprocessEnvManager._take_step": {
                                    "total": 3.6062419149984635,
                                    "count": 1792,
                                    "self": 0.1143303450262465,
                                    "children": {
                                        "TorchPolicy.evaluate": {
                                            "total": 3.491911569972217,
                                            "count": 1792,
                                            "self": 3.491911569972217
                                        }
                                    }
                                },
                                "workers": {
                                    "total": 0.019482841047647526,
                                    "count": 1792,
                                    "self": 0.0,
                                    "children": {
                                        "worker_root": {
                                            "total": 1888.1543983809806,
                                            "count": 1792,
                                            "is_parallel": true,
                                            "self": 1810.1975287119367,
                                            "children": {
                                                "run_training.setup": {
                                                    "total": 0.0,
                                                    "count": 0,
                                                    "is_parallel": true,
                                                    "self": 0.0,
                                                    "children": {
                                                        "steps_from_proto": {
                                                            "total": 0.0012988639991817763,
                                                            "count": 1,
                                                            "is_parallel": true,
                                                            "self": 0.0003093859977525426,
                                                            "children": {
                                                                "_process_rank_one_or_two_observation": {
                                                                    "total": 0.0009894780014292337,
                                                                    "count": 4,
                                                                    "is_parallel": true,