{
    "name": "root",
    "metadata": {
        "timer_format_version": "0.1.0",
        "start_time_seconds": "1748747501",
        "python_version": "3.10.12 (main, Jul  5 2023, 18:54:27) [GCC 11.2.0]",
        "command_line_arguments": "/ShadDrive/Miniconda/envs/mlagents/bin/mlagents-learn config/Racer.yaml --force --run-id racer_01",
        "mlagents_version": "1.1.0",
        "mlagents_envs_version": "1.1.0",
        "communication_protocol_version": "1.5.0",
        "pytorch_version": "2.6.0+cu124",
        "numpy_version": "1.23.5",
        "end_time_seconds": "1748747540"
    },
    "total": 39.27914676799992,
    "count": 1,
    "self": 0.004915773997709039,
    "children": {
        "run_training.setup": {
            "total": 0.01488687600067351,
            "count": 1,
            "self": 0.01488687600067351
        },
        "TrainerController.start_learning": {
            "total": 39.259344118001536,
            "count": 1,
            "self": 1.0147928410024178,
            "children": {
                "TrainerController._reset_env": {
                    "total": 9.373664594999354,
                    "count": 1,
                    "self": 9.373664594999354
                },
                "TrainerController.advance": {
                    "total": 28.766981254999337,
                    "count": 384,
                    "self": 0.003264216000388842,
                    "children": {
                        "env_step": {
                            "total": 28.763717038998948,
                            "count": 384,
                            "self": 28.219045080995784,
                            "children": {
                                "SubprocessEnvManager._take_step": {
                                    "total": 0.5411631190108892,
                                    "count": 384,
                                    "self": 0.02000128201507323,
                                    "children": {
                                        "TorchPolicy.evaluate": {
                                            "total": 0.521161836995816,
                                            "count": 384,
                                            "self": 0.521161836995816
                                        }
                                    }
                                },
                                "workers": {
                                    "total": 0.003508838992274832,
                                    "count": 384,
                                    "self": 0.0,
                                    "children": {
                                        "worker_root": {
                                            "total": 15.986880795991965,
                                            "count": 384,
                                            "is_parallel": true,
                                            "self": 10.381327271967166,
                                            "children": {
                                                "run_training.setup": {
                                                    "total": 0.0,
                                                    "count": 0,
                                                    "is_parallel": true,
                                                    "self": 0.0,
                                                    "children": {
                                                        "steps_from_proto": {
                                                            "total": 0.0008102070005406858,
                                                            "count": 1,
                                                            "is_parallel": true,
                                                            "self": 0.00013986699923407286,
                                                            "children": {
                                                                "_process_rank_one_or_two_observation": {
                                                                    "total": 0.000670340001306613,
                                                                    "count": 4,
                                                                    "is_parallel": true,
                                                                    "self": 0.000670340001306613
                                                                }
                                                            }
                                                        },
                                                        "UnityEnvironment.step": {
                                                            "total": 0.021986191999531002,
                                                            "count": 1,
                                                            "is_parallel": true,
                                                            "self": 0.0001645720003580209,
                                                            "children": {
                                                                "UnityEnvironment._generate_step_input": {
                                                                    "total": 0.00020128200048930012,
                                                                    "count": 1,
                                                                    "is_parallel": true,
                                                                    "self": 0.00020128200048930012
                                                                },
                                                                "communicator.exchange": {
                                                                    "total": 0.021225568998488598,
                                                                    "count": 1,
                                                                    "is_parallel": true,
                                                                    "self": 0.021225568998488598
                                                                },
                                                                "steps_from_proto": {
                                                                    "total": 0.0003947690001950832,
                                                                    "count": 1,
                                                                    "is_parallel": true,
                                                                    "self": 7.593400005134754e-05,
                                                                    "children": {
                                                                        "_process_rank_one_or_two_observation": {
                                                                            "total": 0.00031883500014373567,
                                                                            "count": 4,
                                                                            "is_parallel": true,
                                                                            "self": 0.00031883500014373567
                                                                        }
                                                                    }
                                                                }
                                                            }
                                                        }
                                                    }
                                                },
                                                "UnityEnvironment.step": {
                                                    "total": 5.605553524024799,
                                                    "count": 383,
                                                    "is_parallel": true,
                                                    "self": 0.06848016102958354,