{
    "name": "root",
    "gauges": {
        "Car.Policy.Entropy.mean": {
            "value": -0.13529756665229797,
            "min": -0.13529756665229797,
            "max": 1.3150324821472168,
            "count": 18
        },
        "Car.Policy.Entropy.sum": {
            "value": -692.317626953125,
            "min": -692.317626953125,
            "max": 7297.115234375,
            "count": 18
        },
        "Car.Step.mean": {
            "value": 89984.0,
            "min": 4992.0,
            "max": 89984.0,
            "count": 18
        },
        "Car.Step.sum": {
            "value": 89984.0,
            "min": 4992.0,
            "max": 89984.0,
            "count": 18
        },
        "Car.Policy.ExtrinsicValue.mean": {
            "value": -231052.359375,
            "min": -279578.21875,
            "max": -402.3690185546875,
            "count": 18
        },
        "Car.Policy.ExtrinsicValue.sum": {
            "value": -9011042.0,
            "min": -10903550.0,
            "max": -15692.3916015625,
            "count": 18
        },
        "Car.Losses.PolicyLoss.mean": {
            "value": 238449.5580654069,
            "min": 448.40542641950185,
            "max": 238449.5580654069,
            "count": 18
        },
        "Car.Losses.PolicyLoss.sum": {
            "value": 1220861737.2948833,
            "min": 1262261.2753708977,
            "max": 1220861737.2948833,
            "count": 18
        },
        "Car.Losses.ValueLoss.mean": {
            "value": 478245.00198135944,
            "min": 141.9582561394533,
            "max": 484094.11705877277,
            "count": 18
        },
        "Car.Losses.ValueLoss.sum": {
            "value": 2448614410.1445603,
            "min": 399612.49103256105,
            "max": 2448614410.1445603,
            "count": 18
        },
        "Car.Losses.Q1Loss.mean": {
            "value": 20936835.57118636,
            "min": 55356.96570697641,
            "max": 20936835.57118636,
            "count": 18
        },
        "Car.Losses.Q1Loss.sum": {
            "value": 107196598124.47417,
            "min": 155829858.46513858,
            "max": 107196598124.47417,
            "count": 18
        },
        "Car.Losses.Q2Loss.mean": {
            "value": 20964106.414213352,
            "min": 55308.27270804363,
            "max": 20964106.414213352,
            "count": 18
        },
        "Car.Losses.Q2Loss.sum": {
            "value": 107336224840.77235,
            "min": 155692787.67314282,
            "max": 107336224840.77235,
            "count": 18
        },
        "Car.Policy.ContinuousEntropyCoeff.mean": {
            "value": 89.94605130282943,
            "min": 0.7976860849777777,
            "max": 89.94605130282943,
            "count": 18
        },
        "Car.Policy.ContinuousEntropyCoeff.sum": {
            "value": 460523.7826704867,
            "min": 2603.773325337512,
            "max": 460523.7826704867,
            "count": 18
        },
        "Car.Policy.LearningRate.mean": {
            "value": 0.0002999999999999999,
            "min": 0.0002999999999999999,
            "max": 0.0002999999999999999,
            "count": 18
        },
        "Car.Policy.LearningRate.sum": {
            "value": 1.5359999999999996,
            "min": 0.8444999999999998,
            "max": 1.5359999999999996,
            "count": 18
        },
        "Car.IsTraining.mean": {
            "value": 1.0,
            "min": 1.0,
            "max": 1.0,
            "count": 18
        },
        "Car.IsTraining.sum": {
            "value": 1.0,
            "min": 1.0,
            "max": 1.0,
            "count": 18
        },
        "Car.Environment.EpisodeLength.mean": {
            "value": 19999.0,
            "min": 19999.0,
            "max": 19999.0,
            "count": 4
        },
        "Car.Environment.EpisodeLength.sum": {
            "value": 19999.0,
            "min": 19999.0,
            "max": 19999.0,
            "count": 4
        },
        "Car.Environment.CumulativeReward.mean": {
            "value": -29646192.60546875,
            "min": -56665757.453063965,
            "max": -16981510.9788208,
            "count": 4
        },
        "Car.Environment.CumulativeReward.sum": {
            "value": -29646192.60546875,
            "min": -56665757.453063965,
            "max": -16981510.9788208,
            "count": 4
        },
        "Car.Policy.ExtrinsicReward.mean": {
            "value": -29646192.60546875,
            "min": -56665757.453063965,
            "max": -16981510.9788208,
            "count": 4
        },
        "Car.Policy.ExtrinsicReward.sum": {
            "value": -29646192.60546875,
            "min": -56665757.453063965,
            "max": -16981510.9788208,
            "count": 4
        }
    },
    "metadata": {
        "timer_format_version": "0.1.0",
        "start_time_seconds": "1748739970",
        "python_version": "3.10.12 (main, Jul  5 2023, 18:54:27) [GCC 11.2.0]",
        "command_line_arguments": "/ShadDrive/Miniconda/envs/mlagents/bin/mlagents-learn config/Racer.yaml --force --run-id racer_01",
        "mlagents_version": "1.1.0",
        "mlagents_envs_version": "1.1.0",
        "communication_protocol_version": "1.5.0",
        "pytorch_version": "2.6.0+cu124",
        "numpy_version": "1.23.5",
        "end_time_seconds": "1748744290"
    },
    "total": 4319.568882009,
    "count": 1,
    "self": 0.004709806000391836,
    "children": {
        "run_training.setup": {
            "total": 0.014666301000033855,
            "count": 1,
            "self": 0.014666301000033855
        },
        "TrainerController.start_learning": {
            "total": 4319.5495059019995,
            "count": 1,
            "self": 2.8154596541062347,
            "children": {
                "TrainerController._reset_env": {
                    "total": 14.95056868499978,
                    "count": 1,
                    "self": 14.95056868499978
                },
                "TrainerController.advance": {
                    "total": 4301.6319784228945,
                    "count": 97280,
                    "self": 0.796156463976331,
                    "children": {
                        "env_step": {
                            "total": 4300.835821958918,
                            "count": 97280,
                            "self": 4176.786960803913,
                            "children": {
                                "SubprocessEnvManager._take_step": {
                                    "total": 123.18852636987003,
                                    "count": 97280,
                                    "self": 3.8864973458516943,
                                    "children": {
                                        "TorchPolicy.evaluate": {
                                            "total": 119.30202902401834,
                                            "count": 97280,
                                            "self": 119.30202902401834
                                        }
                                    }
                                },
                                "workers": {
                                    "total": 0.8603347851349099,
                                    "count": 97280,
                                    "self": 0.0,
                                    "children": {
                                        "worker_root": {
                                            "total": 4262.662976699148,
                                            "count": 97280,
                                            "is_parallel": true,
                                            "self": 3471.2631767892512,
                                            "children": {
                                                "run_training.setup": {
                                                    "total": 0.0,