{
    "name": "root",
    "gauges": {
        "Car.Policy.Entropy.mean": {
            "value": 0.6583141088485718,
            "min": 0.6583141088485718,
            "max": 1.2470844984054565,
            "count": 4
        },
        "Car.Policy.Entropy.sum": {
            "value": 3370.568115234375,
            "min": 3370.568115234375,
            "max": 9577.609375,
            "count": 4
        },
        "Car.Step.mean": {
            "value": 19968.0,
            "min": 4992.0,
            "max": 19968.0,
            "count": 4
        },
        "Car.Step.sum": {
            "value": 19968.0,
            "min": 4992.0,
            "max": 19968.0,
            "count": 4
        },
        "Car.Policy.ExtrinsicValue.mean": {
            "value": -763.7048950195312,
            "min": -763.7048950195312,
            "max": -3.9000706672668457,
            "count": 4
        },
        "Car.Policy.ExtrinsicValue.sum": {
            "value": -29784.490234375,
            "min": -29784.490234375,
            "max": -152.10275268554688,
            "count": 4
        },
        "Car.Losses.PolicyLoss.mean": {
            "value": 723.8152590402821,
            "min": -21.41896362060568,
            "max": 723.8152590402821,
            "count": 4
        },
        "Car.Losses.PolicyLoss.sum": {
            "value": 3705934.126286244,
            "min": -71517.91952920237,
            "max": 3705934.126286244,
            "count": 4
        },
        "Car.Losses.ValueLoss.mean": {
            "value": 476.40266666357564,
            "min": 17.902077055367435,
            "max": 476.40266666357564,
            "count": 4
        },
        "Car.Losses.ValueLoss.sum": {
            "value": 2439181.6533175074,
            "min": 59775.03528787187,
            "max": 2439181.6533175074,
            "count": 4
        },
        "Car.Losses.Q1Loss.mean": {
            "value": 5474.942674381389,
            "min": 2124.5853878525004,
            "max": 5474.942674381389,
            "count": 4
        },
        "Car.Losses.Q1Loss.sum": {
            "value": 28031706.492832713,
            "min": 10877877.185804801,
            "max": 28031706.492832713,
            "count": 4
        },
        "Car.Losses.Q2Loss.mean": {
            "value": 5498.916782548165,
            "min": 2124.6555265124216,
            "max": 5498.916782548165,
            "count": 4
        },
        "Car.Losses.Q2Loss.sum": {
            "value": 28154453.926646605,
            "min": 10878236.2957436,
            "max": 28154453.926646605,
            "count": 4
        },
        "Car.Policy.ContinuousEntropyCoeff.mean": {
            "value": 0.8463953782153937,
            "min": 0.7243842027821544,
            "max": 2.2463029127880505,
            "count": 4
        },
        "Car.Policy.ContinuousEntropyCoeff.sum": {
            "value": 4333.544336462815,
            "min": 3708.8471182446306,
            "max": 7500.4054257993,
            "count": 4
        },
        "Car.Policy.LearningRate.mean": {
            "value": 0.0002999999999999999,
            "min": 0.00029999999999999987,
            "max": 0.0002999999999999999,
            "count": 4
        },
        "Car.Policy.LearningRate.sum": {
            "value": 1.5359999999999996,
            "min": 1.0016999999999996,
            "max": 1.5359999999999996,
            "count": 4
        },
        "Car.IsTraining.mean": {
            "value": 1.0,
            "min": 1.0,
            "max": 1.0,
            "count": 4
        },
        "Car.IsTraining.sum": {
            "value": 1.0,
            "min": 1.0,
            "max": 1.0,
            "count": 4
        }
    },
    "metadata": {
        "timer_format_version": "0.1.0",
        "start_time_seconds": "1749443762",
        "python_version": "3.10.12 (main, Jul  5 2023, 18:54:27) [GCC 11.2.0]",
        "command_line_arguments": "/ShadDrive/Miniconda/envs/mlagents/bin/mlagents-learn config/Racer.yaml --run-id racer_18",
        "mlagents_version": "1.1.0",
        "mlagents_envs_version": "1.1.0",
        "communication_protocol_version": "1.5.0",
        "pytorch_version": "2.6.0+cu124",
        "numpy_version": "1.23.5",
        "end_time_seconds": "1749444678"
    },
    "total": 915.6382516000012,
    "count": 1,
    "self": 0.0037367380064097233,
    "children": {
        "run_training.setup": {
            "total": 0.01475001099606743,
            "count": 1,
            "self": 0.01475001099606743
        },
        "TrainerController.start_learning": {
            "total": 915.6197648509988,
            "count": 1,
            "self": 0.22393133994046366,
            "children": {
                "TrainerController._reset_env": {
                    "total": 8.862999919001595,
                    "count": 1,
                    "self": 8.862999919001595
                },
                "TrainerController.advance": {
                    "total": 906.4498219950619,
                    "count": 2560,
                    "self": 0.022453137928096112,
                    "children": {
                        "env_step": {
                            "total": 906.4273688571338,
                            "count": 2560,
                            "self": 902.9054753547462,
                            "children": {
                                "SubprocessEnvManager._take_step": {
                                    "total": 3.497163495128916,
                                    "count": 2560,
                                    "self": 0.12210210628836649,
                                    "children": {
                                        "TorchPolicy.evaluate": {
                                            "total": 3.3750613888405496,
                                            "count": 2560,
                                            "self": 3.3750613888405496
                                        }
                                    }
                                },
                                "workers": {
                                    "total": 0.024730007258767728,
                                    "count": 2560,
                                    "self": 0.0,
                                    "children": {
                                        "worker_root": {
                                            "total": 858.6826642859451,
                                            "count": 2560,
                                            "is_parallel": true,
                                            "self": 420.7650808070757,
                                            "children": {
                                                "run_training.setup": {
                                                    "total": 0.0,
                                                    "count": 0,
                                                    "is_parallel": true,
                                                    "self": 0.0,
                                                    "children": {
                                                        "steps_from_proto": {
                                                            "total": 0.0010617509979056194,
                                                            "count": 1,
                                                            "is_parallel": true,
                                                            "self": 0.00018629099940881133,
                                                            "children": {
                                                                "_process_rank_one_or_two_observation": {
                                                                    "total": 0.0008754599984968081,
                                                                    "count": 4,
                                                                    "is_parallel": true,