{
    "name": "root",
    "gauges": {
        "Car.Policy.Entropy.mean": {
            "value": 0.7861751914024353,
            "min": 0.4008301794528961,
            "max": 1.3986566066741943,
            "count": 16
        },
        "Car.Policy.Entropy.sum": {
            "value": 3421.434326171875,
            "min": 1641.8004150390625,
            "max": 11457.794921875,
            "count": 16
        },
        "Car.Step.mean": {
            "value": 79872.0,
            "min": 4992.0,
            "max": 79872.0,
            "count": 16
        },
        "Car.Step.sum": {
            "value": 79872.0,
            "min": 4992.0,
            "max": 79872.0,
            "count": 16
        },
        "Car.Policy.ExtrinsicValue.mean": {
            "value": -4067.83447265625,
            "min": -4067.83447265625,
            "max": 1.0805022716522217,
            "count": 16
        },
        "Car.Policy.ExtrinsicValue.sum": {
            "value": -158645.546875,
            "min": -158645.546875,
            "max": 42.13958740234375,
            "count": 16
        },
        "Car.Losses.PolicyLoss.mean": {
            "value": 2221.234986305849,
            "min": -3.905031550643899,
            "max": 2221.234986305849,
            "count": 16
        },
        "Car.Losses.PolicyLoss.sum": {
            "value": 11372723.129885945,
            "min": -19993.761539296764,
            "max": 11372723.129885945,
            "count": 16
        },
        "Car.Losses.ValueLoss.mean": {
            "value": 4250.984625104853,
            "min": 0.13243085452116723,
            "max": 4250.984625104853,
            "count": 16
        },
        "Car.Losses.ValueLoss.sum": {
            "value": 21765041.28053685,
            "min": 145.01178570067813,
            "max": 21765041.28053685,
            "count": 16
        },
        "Car.Losses.Q1Loss.mean": {
            "value": 37327.78540943925,
            "min": 10.534651501258779,
            "max": 37327.78540943925,
            "count": 16
        },
        "Car.Losses.Q1Loss.sum": {
            "value": 191118261.29632896,
            "min": 11535.443393878362,
            "max": 191118261.29632896,
            "count": 16
        },
        "Car.Losses.Q2Loss.mean": {
            "value": 37252.66854456539,
            "min": 10.531569826864123,
            "max": 37252.66854456539,
            "count": 16
        },
        "Car.Losses.Q2Loss.sum": {
            "value": 190733662.9481748,
            "min": 11532.068960416214,
            "max": 190733662.9481748,
            "count": 16
        },
        "Car.Policy.ContinuousEntropyCoeff.mean": {
            "value": 3.8867067902208703,
            "min": 0.19116034364236167,
            "max": 3.8867067902208703,
            "count": 16
        },
        "Car.Policy.ContinuousEntropyCoeff.sum": {
            "value": 19899.938765930856,
            "min": 978.7409594488918,
            "max": 19899.938765930856,
            "count": 16
        },
        "Car.Policy.LearningRate.mean": {
            "value": 0.0002999999999999999,
            "min": 0.0002999999999999999,
            "max": 0.0003,
            "count": 16
        },
        "Car.Policy.LearningRate.sum": {
            "value": 1.5359999999999996,
            "min": 0.32849999999999996,
            "max": 1.5359999999999996,
            "count": 16
        },
        "Car.IsTraining.mean": {
            "value": 1.0,
            "min": 1.0,
            "max": 1.0,
            "count": 16
        },
        "Car.IsTraining.sum": {
            "value": 1.0,
            "min": 1.0,
            "max": 1.0,
            "count": 16
        }
    },
    "metadata": {
        "timer_format_version": "0.1.0",
        "start_time_seconds": "1748819892",
        "python_version": "3.10.12 (main, Jul  5 2023, 18:54:27) [GCC 11.2.0]",
        "command_line_arguments": "/ShadDrive/Miniconda/envs/mlagents/bin/mlagents-learn config/Racer.yaml --run-id racer_05",
        "mlagents_version": "1.1.0",
        "mlagents_envs_version": "1.1.0",
        "communication_protocol_version": "1.5.0",
        "pytorch_version": "2.6.0+cu124",
        "numpy_version": "1.23.5",
        "end_time_seconds": "1748823418"
    },
    "total": 3525.592954054002,
    "count": 1,
    "self": 0.0038079970036051236,
    "children": {
        "run_training.setup": {
            "total": 0.015117151997401379,
            "count": 1,
            "self": 0.015117151997401379
        },
        "TrainerController.start_learning": {
            "total": 3525.574028905001,
            "count": 1,
            "self": 1.0583791519748047,
            "children": {
                "TrainerController._reset_env": {
                    "total": 11.518598483999085,
                    "count": 1,
                    "self": 11.518598483999085
                },
                "TrainerController.advance": {
                    "total": 3512.9064557850215,
                    "count": 2688,
                    "self": 0.02649009106971789,
                    "children": {
                        "env_step": {
                            "total": 3512.879965693952,
                            "count": 2688,
                            "self": 3507.0099984459957,
                            "children": {
                                "SubprocessEnvManager._take_step": {
                                    "total": 5.840496540011372,
                                    "count": 2688,
                                    "self": 0.1756967041583266,
                                    "children": {
                                        "TorchPolicy.evaluate": {
                                            "total": 5.664799835853046,
                                            "count": 2688,
                                            "self": 5.664799835853046
                                        }
                                    }
                                },
                                "workers": {
                                    "total": 0.02947070794471074,
                                    "count": 2688,
                                    "self": 0.0,
                                    "children": {
                                        "worker_root": {
                                            "total": 3510.3733454580797,
                                            "count": 2688,
                                            "is_parallel": true,
                                            "self": 2850.2923806491817,
                                            "children": {
                                                "run_training.setup": {
                                                    "total": 0.0,
                                                    "count": 0,
                                                    "is_parallel": true,
                                                    "self": 0.0,
                                                    "children": {
                                                        "steps_from_proto": {
                                                            "total": 0.0010373149998486042,
                                                            "count": 1,
                                                            "is_parallel": true,
                                                            "self": 0.00023655900440644473,
                                                            "children": {
                                                                "_process_rank_one_or_two_observation": {
                                                                    "total": 0.0008007559954421595,
                                                                    "count": 4,
                                                                    "is_parallel": true,