{"count":1,"self":33.396688,"total":33.890983299999995,"children":{"InitializeActuators":{"count":1,"self":0.005526,"total":0.005526,"children":null},"InitializeSensors":{"count":1,"self":0.0060282999999999995,"total":0.0060282999999999995,"children":null},"AgentSendState":{"count":1355,"self":0.08007199999999999,"total":0.1046453,"children":{"CollectObservations":{"count":271,"self":0.0065686999999999994,"total":0.0065686999999999994,"children":null},"WriteActionMask":{"count":271,"self":0.0015053999999999998,"total":0.0015053999999999998,"children":null},"RequestDecision":{"count":271,"self":0.014486899999999999,"total":0.0164992,"children":{"RayPerceptionSensor.Perceive":{"count":271,"self":0.0020123,"total":0.0020123,"children":null}}}}},"DecideAction":{"count":1355,"self":0.29778129999999997,"total":0.29778129999999997,"children":null},"AgentAct":{"count":1355,"self":0.0773102,"total":0.0773102,"children":null}},"gauges":{},"metadata":{"timer_format_version":"0.1.0","start_time_seconds":"1748537735","unity_version":"6000.0.32f1","command_line_arguments":"C:\\Program Files\\Unity\\Hub\\Editor\\6000.0.32f1\\Editor\\Unity.exe -projectpath C:\\Users\\egord\\Desktop\\Unity\\VaporRacer -useHub -hubIPC -cloudEnvironment production","communication_protocol_version":"1.5.0","com.unity.ml-agents_version":"3.0.0","scene_name":"SampleScene","end_time_seconds":"1748537768"}}